Index,group_name,satellite_name,altitude_km,inclination_deg,normalized_index,absolute_index
1,Kuiper,KUIPER-00032,473.52,51.87,1.3769,4.5143
2,Kuiper,KUIPER-00052,370.45,51.87,1.9319,5.9418
3,Kuiper,KUIPER-00075,451.11,51.86,1.4761,4.685
4,Kuiper,KUIPER-00132,461.87,51.86,1.9151,5.918
5,Kuiper,KUIPER-00142,459.83,51.86,1.6799,5.3359
6,Kuiper,KUIPER-00145,487.48,51.88,1.1415,3.8528
7,Kuiper,KUIPER-00148,496.77,51.86,1.3046,4.1303
8,Kuiper,KUIPER-00152,457.6,51.86,1.6926,5.3795
9,Kuiper,KUIPER-00155,462.19,51.86,1.8565,5.7757
10,Kuiper,KUIPER-00156,457.49,51.87,1.6239,5.2143
11,Kuiper,KUIPER-00165,471.94,51.87,1.4406,4.6963
12,Kuiper,KUIPER-00166,457.23,51.88,1.5045,4.9153
13,Kuiper,KUIPER-00168,457.61,51.87,1.505,4.9188
14,Kuiper,KUIPER-00169,458.05,51.88,1.4986,4.8995
15,Kuiper,KUIPER-00170,481.47,51.87,1.4136,4.5411
16,Kuiper,KUIPER-00171,374.65,51.86,1.9774,6.11
17,Kuiper,KUIPER-00172,457.64,51.86,1.7484,5.5194
18,Kuiper,KUIPER-00173,458.32,51.88,1.4949,4.8885
19,Kuiper,KUIPER-00174,458.32,51.86,1.6894,5.3704
20,Kuiper,KUIPER-00121,469.49,51.88,1.3489,4.4566
21,Kuiper,KUIPER-00124,477.3,51.88,1.2829,4.2737
22,Kuiper,KUIPER-00125,465.72,51.87,1.3881,4.5692
23,Kuiper,KUIPER-00128,475.94,51.88,1.2913,4.2954
24,Kuiper,KUIPER-00129,465.56,51.87,1.3931,4.585
25,Kuiper,KUIPER-00130,467.53,51.88,1.366,4.5045
26,Kuiper,KUIPER-00134,467.46,51.88,1.3663,4.5051
27,Kuiper,KUIPER-00135,467.67,51.87,1.364,4.4987
28,Kuiper,KUIPER-00136,465.51,51.88,1.3931,4.585
29,Kuiper,KUIPER-00137,467.8,51.88,1.3636,4.4978
30,Kuiper,KUIPER-00138,467.81,51.88,1.3636,4.4978
31,Kuiper,KUIPER-00140,469.2,51.88,1.3514,4.4639
32,Kuiper,KUIPER-00141,465.73,51.88,1.3923,4.5832
33,Kuiper,KUIPER-00146,467.42,51.88,1.3662,4.5046
34,Kuiper,KUIPER-00149,465.49,51.88,1.3931,4.5848
35,Kuiper,KUIPER-00154,466.69,51.87,1.3749,4.53
36,Kuiper,KUIPER-00157,467.75,51.88,1.3635,4.4973
37,Iridium-next,IRIDIUM 176,661.59,86.61,1.7361,9.9559
38,Iridium-next,IRIDIUM 175,661.31,86.15,1.8902,10.2436
39,Iridium-next,IRIDIUM 170,662.21,86.61,1.6739,9.5392
40,Iridium-next,IRIDIUM 177,642.21,86.2,1.7992,9.917
41,Iridium-next,IRIDIUM 174,661.32,86.61,1.6776,9.5429
42,Iridium-next,IRIDIUM 178,640.44,86.65,1.8366,10.0824
43,Iridium-next,IRIDIUM 179,638.27,86.68,1.9291,10.4099
44,Qianfan,QIANFAN-7,810.77,88.98,1.8347,5.5703
45,Qianfan,QIANFAN-19,850.58,88.98,1.464,4.8276
46,Qianfan,QIANFAN-20,861.81,88.98,1.3261,4.4892
47,Qianfan,QIANFAN-21,827.42,88.97,1.7747,5.627
48,Qianfan,QIANFAN-23,840.79,88.98,1.5634,5.0421
49,Qianfan,QIANFAN-24,819.68,88.98,1.8809,5.9034
50,Qianfan,QIANFAN-25,871.41,88.98,1.2248,4.264
51,Qianfan,QIANFAN-27,809.62,88.98,1.97,6.0733
52,Qianfan,QIANFAN-28,805.37,88.98,1.9953,6.0975
53,Qianfan,QIANFAN-35,808.06,88.98,1.9805,6.0867
54,Qianfan,QIANFAN-37,1079.33,89.0,1.0415,3.0767
55,Qianfan,QIANFAN-38,1075.9,89.0,1.0078,2.9797
56,Qianfan,QIANFAN-39,822.98,89.0,1.8005,5.6499
57,Qianfan,QIANFAN-40,1076.56,89.01,1.1831,3.2401
58,Qianfan,QIANFAN-41,1075.62,89.0,1.0071,2.982
59,Qianfan,QIANFAN-42,823.53,89.0,1.7921,5.627
60,Qianfan,QIANFAN-43,1075.52,89.0,1.0188,2.9777
61,Qianfan,QIANFAN-44,1079.88,89.0,1.0799,3.118
62,Qianfan,QIANFAN-45,1075.45,89.0,1.0339,2.9994
63,Qianfan,QIANFAN-46,1080.7,89.0,1.092,3.1326
64,Qianfan,QIANFAN-47,1080.67,89.0,1.066,3.0959
65,Qianfan,QIANFAN-48,1076.61,89.0,1.0728,3.0629
66,Qianfan,QIANFAN-49,1075.76,89.0,1.0276,2.992
67,Qianfan,QIANFAN-50,1075.67,89.0,1.0372,3.0031
68,Qianfan,QIANFAN-51,1076.96,89.0,1.0682,3.0553
69,Qianfan,QIANFAN-52,1078.82,89.0,1.0235,3.0353
70,Qianfan,QIANFAN-53,1075.96,89.0,1.0645,3.0435
71,Qianfan,QIANFAN-54,1078.91,89.0,1.0118,3.0188
72,Qianfan,QIANFAN-92,897.79,89.01,1.4096,4.1074
73,Qianfan,QIANFAN-95,821.74,88.99,1.8422,5.7893
74,Qianfan,QIANFAN-98,849.77,89.0,1.4199,4.643
75,Qianfan,QIANFAN-100,848.68,89.0,1.4234,4.6375
76,Qianfan,QIANFAN-101,807.09,89.0,1.9689,6.0251
77,Qianfan,QIANFAN-102,861.03,89.0,1.3314,4.496
78,Qianfan,QIANFAN-104,860.93,89.0,1.3301,4.4893
79,Qianfan,QIANFAN-105,861.14,89.0,1.3289,4.4882
80,Qianfan,QIANFAN-107,863.62,89.0,1.3143,4.4747
81,Qianfan,QIANFAN-108,878.26,89.0,1.1911,4.2527
82,Planet,SKYSAT-A,546.22,97.41,1.0492,4.8438
83,Planet,SKYSAT-B,614.83,98.36,1.2812,6.8975
84,Planet,SKYSAT-C4,451.12,96.94,1.3096,5.365
85,Planet,SKYSAT-C2,463.41,97.04,1.1737,4.782
86,Planet,SKYSAT-C13,388.75,96.96,1.445,5.8185
87,Planet,PELICAN-3001,411.24,97.42,1.1003,4.3705
88,Hulianwang,HULIANWANG DIGUI 13A,819.9,50.01,1.9977,8.7494
89,Hulianwang,HULIANWANG DIGUI 13B,821.5,50.0,1.9854,8.7126
90,Hulianwang,HULIANWANG DIGUI 13C,820.77,50.01,1.9887,8.7171
91,Hulianwang,HULIANWANG DIGUI 13D,819.96,50.01,1.9975,8.7494
92,Hulianwang,HULIANWANG DIGUI 13E,821.14,50.01,1.9871,8.7151
93,Hulianwang,HULIANWANG DIGUI 13F,820.8,50.01,1.9886,8.7172
94,Hulianwang,HULIANWANG DIGUI 13G,819.71,50.01,1.9986,8.7507
95,Hulianwang,HULIANWANG DIGUI 13H,819.48,50.01,1.9997,8.752
96,Hulianwang,HULIANWANG DIGUI 13J,819.67,50.01,1.9988,8.7509
97,Starlink,STARLINK-1011,252.58,53.05,1.6965,10.3608
98,Starlink,STARLINK-1060,364.86,53.06,1.0252,6.5487
99,Starlink,STARLINK-1144,370.27,53.05,1.0008,6.4251
100,Starlink,STARLINK-1107,326.9,53.0,1.3551,8.6216
101,Starlink,STARLINK-1142,353.34,53.03,1.0809,6.839
102,Starlink,STARLINK-1306,340.06,53.04,1.2413,7.9073
103,Starlink,STARLINK-1325,356.81,53.06,1.054,6.6749
104,Starlink,STARLINK-1328,334.4,53.04,1.298,8.2738
105,Starlink,STARLINK-1360,324.9,53.04,1.2311,7.6537
106,Starlink,STARLINK-1474,356.76,53.04,1.057,6.697
107,Starlink,STARLINK-1475,292.3,53.06,1.5721,9.8735
108,Starlink,STARLINK-1510,326.84,53.03,1.3004,8.2039
109,Starlink,STARLINK-1643,248.14,53.03,1.8546,11.5136
110,Starlink,STARLINK-1734,331.16,53.02,1.2471,7.8478
111,Starlink,STARLINK-1692,276.32,53.01,1.5995,9.8966
112,Starlink,STARLINK-2069,346.86,53.01,1.1127,7.0066
113,Starlink,STARLINK-2086,365.71,53.04,1.0273,6.5744
114,Starlink,STARLINK-2393,348.09,53.05,1.1431,7.2519
115,Starlink,STARLINK-2340,308.97,53.02,1.4186,8.8976
116,Starlink,STARLINK-2368,328.57,53.04,1.2722,8.0093
117,Starlink,STARLINK-2540,363.9,53.06,1.0316,6.5863
118,Starlink,STARLINK-2511,347.18,53.05,1.1128,7.0112
119,Starlink,STARLINK-2626,352.39,53.04,1.081,6.8294
120,Starlink,STARLINK-2595,352.2,53.04,1.1331,7.2236
121,Starlink,STARLINK-2660,321.51,53.05,1.3367,8.4192
122,Starlink,STARLINK-3005,570.17,97.66,1.0238,5.5736
123,Starlink,STARLINK-3317,334.88,53.22,1.2146,7.6435
124,Starlink,STARLINK-3322,252.64,53.17,1.7231,10.5642
125,Starlink,STARLINK-3557,343.41,53.19,1.135,7.1367
126,Starlink,STARLINK-3663,287.5,53.2,1.4717,9.053
127,Starlink,STARLINK-3722,302.77,53.22,1.524,9.6287
128,Starlink,STARLINK-3920,338.17,53.21,1.2429,7.8972
129,Starlink,STARLINK-4362,573.1,97.6,1.0375,5.6817
130,Starlink,STARLINK-4320,572.07,97.6,1.0313,5.6345
131,Starlink,STARLINK-4308,573.31,97.6,1.037,5.6778
132,Starlink,STARLINK-4311,569.53,97.6,1.0246,5.5831
133,Starlink,STARLINK-4312,576.27,97.6,1.0475,5.758
134,Starlink,STARLINK-4309,576.51,97.6,1.0499,5.7762
135,Starlink,STARLINK-4323,577.75,97.6,1.0521,5.7924
136,Starlink,STARLINK-4348,578.58,97.61,1.0536,5.8037
137,Starlink,STARLINK-4347,578.53,97.61,1.0536,5.8041
138,Starlink,STARLINK-4322,578.24,97.61,1.0539,5.8063
139,Starlink,STARLINK-4326,577.77,97.61,1.0523,5.7941
140,Starlink,STARLINK-4321,577.39,97.6,1.0526,5.7967
141,Starlink,STARLINK-4318,577.69,97.6,1.0522,5.7934
142,Starlink,STARLINK-4333,575.21,97.6,1.0397,5.6989
143,Starlink,STARLINK-4369,572.11,97.6,1.0341,5.6552
144,Starlink,STARLINK-4351,574.69,97.6,1.0446,5.7355
145,Starlink,STARLINK-4404,345.41,97.64,1.3982,8.4271
146,Starlink,STARLINK-4407,339.37,97.64,1.4344,8.7033
147,Starlink,STARLINK-4403,565.69,97.61,1.0014,5.4059
148,Starlink,STARLINK-4385,566.91,97.6,1.0026,5.4153
149,Starlink,STARLINK-4423,567.05,97.6,1.0024,5.4141
150,Starlink,STARLINK-4414,576.04,97.6,1.0474,5.7566
151,Starlink,STARLINK-4353,569.21,97.6,1.0116,5.4844
152,Starlink,STARLINK-4376,573.69,97.6,1.0406,5.705
153,Starlink,STARLINK-4363,577.53,97.6,1.0517,5.7897
154,Starlink,STARLINK-4377,578.13,97.61,1.0527,5.7969
155,Starlink,STARLINK-4356,578.88,97.61,1.0533,5.8018
156,Starlink,STARLINK-4359,577.48,97.61,1.0505,5.7804
157,Starlink,STARLINK-4365,577.16,97.61,1.0509,5.7828
158,Starlink,STARLINK-4371,578.61,97.6,1.0535,5.8035
159,Starlink,STARLINK-4372,576.86,97.6,1.0493,5.7714
160,Starlink,STARLINK-4368,577.69,97.6,1.0515,5.788
161,Starlink,STARLINK-4398,578.43,97.61,1.0552,5.8155
162,Starlink,STARLINK-4400,578.74,97.61,1.0548,5.8128
163,Starlink,STARLINK-4393,578.4,97.61,1.055,5.8144
164,Starlink,STARLINK-4447,577.57,97.6,1.0545,5.8112
165,Starlink,STARLINK-4445,566.55,97.6,1.0021,5.4116
166,Starlink,STARLINK-4389,572.61,97.6,1.0379,5.6851
167,Starlink,STARLINK-4378,575.35,97.6,1.0445,5.7353
168,Starlink,STARLINK-4412,578.28,97.61,1.0552,5.8158
169,Starlink,STARLINK-4433,568.37,97.6,1.008,5.4568
170,Starlink,STARLINK-4302,565.48,97.6,1.0012,5.4049
171,Starlink,STARLINK-4450,566.79,97.6,1.0054,5.437
172,Starlink,STARLINK-4451,565.46,97.6,1.0013,5.4052
173,Starlink,STARLINK-4361,338.38,97.65,1.389,8.3567
174,Starlink,STARLINK-4429,569.54,97.6,1.0127,5.4929
175,Starlink,STARLINK-4465,340.77,97.65,1.3915,8.3755
176,Starlink,STARLINK-4453,572.07,97.6,1.0316,5.6368
177,Starlink,STARLINK-4434,575.08,97.61,1.0389,5.6921
178,Starlink,STARLINK-4461,341.38,97.65,1.3921,8.3805
179,Starlink,STARLINK-4448,574.81,97.6,1.0395,5.6963
180,Starlink,STARLINK-4446,576.2,97.61,1.0433,5.7251
181,Starlink,STARLINK-4402,578.17,97.61,1.0548,5.8129
182,Starlink,STARLINK-4511,299.04,53.19,1.4902,9.3275
183,Starlink,STARLINK-4622,570.58,97.6,1.0184,5.5362
184,Starlink,STARLINK-4380,567.87,97.6,1.0065,5.4455
185,Starlink,STARLINK-4390,579.18,97.61,1.0572,5.8312
186,Starlink,STARLINK-4469,338.57,97.65,1.3667,8.1869
187,Starlink,STARLINK-4440,574.51,97.6,1.0414,5.7117
188,Starlink,STARLINK-4428,579.15,97.61,1.057,5.8295
189,Starlink,STARLINK-4620,577.65,97.6,1.0552,5.8158
190,Starlink,STARLINK-4621,578.92,97.61,1.0574,5.8328
191,Starlink,STARLINK-4424,579.67,97.61,1.0576,5.8344
192,Starlink,STARLINK-4625,578.83,97.61,1.0576,5.8345
193,Starlink,STARLINK-4624,570.0,97.6,1.0098,5.4703
194,Starlink,STARLINK-4626,579.18,97.61,1.0572,5.8317
195,Starlink,STARLINK-4569,565.29,97.61,1.0001,5.3961
196,Starlink,STARLINK-4571,577.45,97.6,1.0555,5.8189
197,Starlink,STARLINK-4570,575.65,97.6,1.0492,5.7704
198,Starlink,STARLINK-5024,366.44,53.21,1.0281,6.5889
199,Starlink,STARLINK-5056,304.26,53.2,1.487,9.3642
200,Starlink,STARLINK-5687,213.27,42.96,1.9532,11.8607
201,Starlink,STARLINK-5326,228.88,69.99,1.8922,11.5768
202,Starlink,STARLINK-5810,215.57,69.99,1.9918,12.1809
203,Starlink,STARLINK-6039,576.6,97.6,1.0513,5.7863
204,Starlink,STARLINK-5988,572.76,97.6,1.0323,5.6418
205,Starlink,STARLINK-6033,574.75,97.6,1.038,5.6855
206,Starlink,STARLINK-6035,577.28,97.61,1.0506,5.7807
207,Starlink,STARLINK-5981,579.17,97.61,1.0556,5.8187
208,Starlink,STARLINK-5980,577.34,97.61,1.0505,5.7803
209,Starlink,STARLINK-5997,578.23,97.61,1.0539,5.8059
210,Starlink,STARLINK-5991,577.29,97.6,1.0505,5.7804
211,Starlink,STARLINK-5093,578.83,97.61,1.0559,5.8214
212,Starlink,STARLINK-5562,579.82,97.6,1.0548,5.813
213,Starlink,STARLINK-5561,573.52,97.6,1.0345,5.6585
214,Starlink,STARLINK-5554,574.64,97.6,1.0381,5.6865
215,Starlink,STARLINK-5552,569.26,97.6,1.009,5.465
216,Starlink,STARLINK-5543,571.88,97.6,1.0275,5.6055
217,Starlink,STARLINK-5837,566.7,97.6,1.0056,5.4384
218,Starlink,STARLINK-5888,567.31,97.6,1.0079,5.4565
219,Starlink,STARLINK-5874,571.96,97.6,1.0331,5.6481
220,Starlink,STARLINK-5877,565.36,97.61,1.0009,5.4022
221,Starlink,STARLINK-5533,566.21,97.6,1.0016,5.4078
222,Starlink,STARLINK-5551,567.53,97.6,1.0078,5.4552
223,Starlink,STARLINK-5550,568.2,97.6,1.0102,5.4734
224,Starlink,STARLINK-30073,332.03,42.98,1.2648,7.9929
225,Starlink,STARLINK-30163,335.84,42.97,1.2647,8.0368
226,Starlink,STARLINK-30190,309.59,42.96,1.4141,8.8706
227,Starlink,STARLINK-30494,336.02,42.98,1.2135,7.6484
228,Starlink,STARLINK-11072 [DTC],367.02,53.15,1.0259,6.5791
229,Starlink,STARLINK-11075 [DTC],367.58,53.16,1.0245,6.5748
230,Starlink,STARLINK-11077 [DTC],367.97,53.16,1.0235,6.5718
231,Starlink,STARLINK-11079 [DTC],366.42,53.16,1.0295,6.5994
232,Starlink,STARLINK-11076 [DTC],366.11,53.16,1.0303,6.6018
233,Starlink,STARLINK-11078 [DTC],366.02,53.16,1.0305,6.6025
234,Starlink,STARLINK-31060,298.78,53.15,1.5609,9.8634
235,Starlink,STARLINK-11087 [DTC],366.01,53.16,1.0324,6.6165
236,Starlink,STARLINK-11090 [DTC],366.83,53.16,1.0288,6.5987
237,Starlink,STARLINK-11093 [DTC],366.29,53.15,1.0316,6.6143
238,Starlink,STARLINK-11083 [DTC],366.08,53.16,1.0322,6.6159
239,Starlink,STARLINK-11085 [DTC],367.44,53.16,1.0272,6.594
240,Starlink,STARLINK-11089 [DTC],366.1,53.16,1.0321,6.6156
241,Starlink,STARLINK-31618,285.15,42.98,1.6276,10.2131
242,Starlink,STARLINK-31771,330.62,42.98,1.2981,8.2305
243,Starlink,STARLINK-11107 [DTC],367.67,53.16,1.025,6.5794
244,Starlink,STARLINK-11088 [DTC],366.59,53.15,1.0329,6.6276
245,Starlink,STARLINK-11092 [DTC],366.2,53.16,1.0367,6.652
246,Starlink,STARLINK-11082 [DTC],366.02,53.16,1.0372,6.6534
247,Starlink,STARLINK-11108 [DTC],365.99,53.16,1.0373,6.6536
248,Starlink,STARLINK-11100 [DTC],366.0,53.16,1.0372,6.6535
249,Starlink,STARLINK-11094 [DTC],366.09,53.16,1.037,6.6528
250,Starlink,STARLINK-11101 [DTC],366.72,53.15,1.0326,6.6266
251,Starlink,STARLINK-11099 [DTC],366.35,53.15,1.0353,6.6424
252,Starlink,STARLINK-11084 [DTC],367.36,53.16,1.0257,6.5818
253,Starlink,STARLINK-11103 [DTC],367.85,53.16,1.0245,6.5781
254,Starlink,STARLINK-11096 [DTC],367.12,53.16,1.029,6.6037
255,Starlink,STARLINK-11095 [DTC],367.96,53.16,1.0242,6.5772
256,Starlink,STARLINK-31841,275.74,42.97,1.7134,10.7579
257,Starlink,STARLINK-11118 [DTC],366.11,53.16,1.0415,6.6873
258,Starlink,STARLINK-11132 [DTC],366.03,53.16,1.0417,6.6879
259,Starlink,STARLINK-11131 [DTC],366.0,53.16,1.0418,6.6882
260,Starlink,STARLINK-11114 [DTC],366.05,53.16,1.0417,6.6878
261,Starlink,STARLINK-11105 [DTC],366.29,53.15,1.0411,6.6859
262,Starlink,STARLINK-11097 [DTC],366.72,53.15,1.0363,6.6549
263,Starlink,STARLINK-11098 [DTC],367.29,53.16,1.032,6.6284
264,Starlink,STARLINK-11117 [DTC],367.86,53.16,1.0292,6.6139
265,Starlink,STARLINK-11110 [DTC],367.99,53.16,1.0289,6.6129
266,Starlink,STARLINK-11104 [DTC],367.7,53.16,1.0296,6.6151
267,Starlink,STARLINK-11111 [DTC],366.52,53.15,1.0382,6.6666
268,Starlink,STARLINK-11106 [DTC],367.1,53.16,1.0339,6.6407
269,Starlink,STARLINK-11145 [DTC],365.98,53.16,1.0419,6.689
270,Starlink,STARLINK-11113 [DTC],365.93,53.16,1.0428,6.6948
271,Starlink,STARLINK-11123 [DTC],366.61,53.15,1.0382,6.6682
272,Starlink,STARLINK-11138 [DTC],367.79,53.16,1.0308,6.6249
273,Starlink,STARLINK-11130 [DTC],367.25,53.16,1.0336,6.6402
274,Starlink,STARLINK-11124 [DTC],368.01,53.17,1.0302,6.6231
275,Starlink,STARLINK-11143 [DTC],367.25,53.16,1.0336,6.6401
276,Starlink,STARLINK-11133 [DTC],366.63,53.15,1.0382,6.6679
277,Starlink,STARLINK-11144 [DTC],366.21,53.16,1.0413,6.6872
278,Starlink,STARLINK-11134 [DTC],365.97,53.16,1.0426,6.6943
279,Starlink,STARLINK-11142 [DTC],365.93,53.16,1.0427,6.6946
280,Starlink,STARLINK-31864,327.91,53.14,1.304,8.2439
281,Starlink,STARLINK-11129 [DTC],367.7,53.16,1.0283,6.6051
282,Starlink,STARLINK-11140 [DTC],367.05,53.16,1.0327,6.6308
283,Starlink,STARLINK-11122 [DTC],366.51,53.15,1.038,6.6651
284,Starlink,STARLINK-11149 [DTC],366.16,53.16,1.0404,6.6796
285,Starlink,STARLINK-11120 [DTC],366.03,53.16,1.0408,6.6806
286,Starlink,STARLINK-11086 [DTC],365.99,53.16,1.0408,6.6809
287,Starlink,STARLINK-11148 [DTC],366.02,53.16,1.0408,6.6807
288,Starlink,STARLINK-11116 [DTC],366.12,53.16,1.0404,6.6792
289,Starlink,STARLINK-11155 [DTC],366.25,53.15,1.04,6.6771
290,Starlink,STARLINK-11163 [DTC],366.75,53.16,1.0364,6.6561
291,Starlink,STARLINK-11135 [DTC],367.97,53.16,1.0276,6.603
292,Starlink,STARLINK-11151 [DTC],367.52,53.16,1.0288,6.6065
293,Starlink,STARLINK-11137 [DTC],367.87,53.16,1.0279,6.6038
294,Starlink,STARLINK-11181 [DTC],366.01,53.16,1.0412,6.684
295,Starlink,STARLINK-11176 [DTC],365.92,53.16,1.0415,6.6847
296,Starlink,STARLINK-11167 [DTC],366.0,53.16,1.0413,6.6841
297,Starlink,STARLINK-11166 [DTC],366.0,53.16,1.0414,6.6854
298,Starlink,STARLINK-11165 [DTC],365.82,53.16,1.0419,6.6868
299,Starlink,STARLINK-11169 [DTC],366.68,53.16,1.0368,6.6579
300,Starlink,STARLINK-11102 [DTC],367.19,53.16,1.0323,6.6298
301,Starlink,STARLINK-11141 [DTC],367.74,53.16,1.0283,6.6059
302,Starlink,STARLINK-11153 [DTC],368.01,53.16,1.0277,6.6038
303,Starlink,STARLINK-11170 [DTC],367.76,53.16,1.0283,6.6057
304,Starlink,STARLINK-11171 [DTC],367.26,53.16,1.0321,6.6291
305,Starlink,STARLINK-11186 [DTC],366.64,53.15,1.0368,6.6577
306,Starlink,STARLINK-11184 [DTC],365.98,53.15,1.0413,6.6842
307,Starlink,STARLINK-11201 [DTC],366.09,53.16,1.0409,6.6822
308,Starlink,STARLINK-11198 [DTC],366.01,53.16,1.0411,6.6828
309,Starlink,STARLINK-11112 [DTC],365.94,53.16,1.0412,6.6833
310,Starlink,STARLINK-11210 [DTC],365.96,53.16,1.0412,6.6832
311,Starlink,STARLINK-11203 [DTC],366.07,53.16,1.0409,6.6823
312,Starlink,STARLINK-11177 [DTC],366.35,53.15,1.0393,6.6733
313,Starlink,STARLINK-11127 [DTC],366.9,53.16,1.0335,6.6351
314,Starlink,STARLINK-11164 [DTC],367.5,53.16,1.0292,6.6096
315,Starlink,STARLINK-11119 [DTC],367.49,53.16,1.0292,6.6096
316,Starlink,STARLINK-11157 [DTC],367.93,53.16,1.0281,6.6063
317,Starlink,STARLINK-11162 [DTC],366.9,53.16,1.0334,6.635
318,Starlink,STARLINK-11161 [DTC],366.4,53.15,1.0392,6.6729
319,Starlink,STARLINK-11160 [DTC],367.93,53.16,1.0281,6.6063
320,Starlink,STARLINK-11168 [DTC],367.92,53.16,1.028,6.6056
321,Starlink,STARLINK-11187 [DTC],367.98,53.16,1.0279,6.6051
322,Starlink,STARLINK-11180 [DTC],367.51,53.16,1.0291,6.6087
323,Starlink,STARLINK-11197 [DTC],366.9,53.16,1.0346,6.644
324,Starlink,STARLINK-11194 [DTC],366.39,53.16,1.0374,6.6594
325,Starlink,STARLINK-11189 [DTC],366.07,53.16,1.0409,6.6822
326,Starlink,STARLINK-11183 [DTC],365.99,53.16,1.0411,6.6827
327,Starlink,STARLINK-11179 [DTC],365.94,53.16,1.0412,6.6832
328,Starlink,STARLINK-11175 [DTC],366.02,53.16,1.041,6.6825
329,Starlink,STARLINK-11173 [DTC],366.08,53.16,1.0409,6.6821
330,Starlink,STARLINK-11172 [DTC],366.38,53.15,1.0392,6.673
331,Starlink,STARLINK-11152 [DTC],366.87,53.15,1.0347,6.6442
332,Starlink,STARLINK-11193 [DTC],367.56,53.16,1.029,6.6085
333,Starlink,STARLINK-11147 [DTC],365.98,53.16,1.0413,6.6844
334,Starlink,STARLINK-11128 [DTC],366.03,53.16,1.0412,6.6841
335,Starlink,STARLINK-11227 [DTC],366.27,53.16,1.0406,6.6823
336,Starlink,STARLINK-11224 [DTC],366.73,53.15,1.0355,6.6488
337,Starlink,STARLINK-11115 [DTC],367.31,53.16,1.0311,6.6217
338,Starlink,STARLINK-11109 [DTC],367.87,53.16,1.0283,6.6068
339,Starlink,STARLINK-11223 [DTC],367.75,53.16,1.0286,6.6077
340,Starlink,STARLINK-11192 [DTC],368.05,53.16,1.0278,6.6054
341,Starlink,STARLINK-11213 [DTC],367.12,53.16,1.033,6.6339
342,Starlink,STARLINK-11200 [DTC],366.53,53.15,1.0374,6.6607
343,Starlink,STARLINK-11206 [DTC],365.98,53.16,1.0413,6.6845
344,Starlink,STARLINK-11205 [DTC],365.98,53.16,1.0413,6.6844
345,Starlink,STARLINK-11228 [DTC],366.28,53.15,1.0402,6.6795
346,Starlink,STARLINK-11182 [DTC],367.9,53.16,1.0272,6.5989
347,Starlink,STARLINK-11234 [DTC],368.0,53.16,1.0269,6.598
348,Starlink,STARLINK-11232 [DTC],367.7,53.16,1.0277,6.6003
349,Starlink,STARLINK-11139 [DTC],367.96,53.16,1.027,6.5984
350,Starlink,STARLINK-11158 [DTC],366.5,53.16,1.0383,6.6676
351,Starlink,STARLINK-11199 [DTC],366.14,53.16,1.041,6.6838
352,Starlink,STARLINK-11081 [DTC],365.97,53.16,1.0414,6.685
353,Starlink,STARLINK-11150 [DTC],365.88,53.16,1.0417,6.6857
354,Starlink,STARLINK-11136 [DTC],365.96,53.16,1.0414,6.6851
355,Starlink,STARLINK-11196 [DTC],366.09,53.16,1.0407,6.681
356,Starlink,STARLINK-11174 [DTC],366.72,53.16,1.0365,6.6559
357,Starlink,STARLINK-11191 [DTC],367.37,53.16,1.0285,6.6028
358,Starlink,STARLINK-11247 [DTC],366.0,53.16,1.0406,6.6788
359,Starlink,STARLINK-11259 [DTC],365.98,53.16,1.0408,6.6807
360,Starlink,STARLINK-11188 [DTC],366.1,53.16,1.0403,6.678
361,Starlink,STARLINK-11272 [DTC],366.91,53.16,1.0351,6.6477
362,Starlink,STARLINK-11261 [DTC],366.43,53.15,1.0395,6.6755
363,Starlink,STARLINK-11263 [DTC],367.68,53.16,1.0288,6.6083
364,Starlink,STARLINK-11235 [DTC],368.09,53.16,1.0277,6.6052
365,Starlink,STARLINK-11080 [DTC],367.86,53.16,1.0283,6.6069
366,Starlink,STARLINK-11249 [DTC],367.4,53.16,1.0309,6.6211
367,Starlink,STARLINK-11146 [DTC],366.77,53.16,1.0354,6.6488
368,Starlink,STARLINK-11255 [DTC],366.27,53.15,1.0398,6.6761
369,Starlink,STARLINK-11254 [DTC],366.05,53.16,1.0408,6.6814
370,Starlink,STARLINK-11266 [DTC],366.0,53.16,1.0409,6.6818
371,Starlink,STARLINK-11242 [DTC],366.63,53.15,1.0368,6.6572
372,Starlink,STARLINK-11256 [DTC],366.21,53.15,1.0391,6.6699
373,Starlink,STARLINK-11159 [DTC],365.96,53.16,1.0413,6.6843
374,Starlink,STARLINK-11264 [DTC],365.93,53.16,1.0414,6.6844
375,Starlink,STARLINK-11226 [DTC],366.02,53.16,1.0412,6.6838
376,Starlink,STARLINK-11229 [DTC],366.21,53.15,1.0407,6.6823
377,Starlink,STARLINK-11265 [DTC],366.03,53.16,1.0412,6.6837
378,Starlink,STARLINK-11250 [DTC],366.61,53.15,1.0368,6.6573
379,Starlink,STARLINK-11190 [DTC],367.2,53.16,1.0325,6.6316
380,Starlink,STARLINK-11225 [DTC],367.78,53.16,1.0296,6.6158
381,Starlink,STARLINK-11273 [DTC],368.03,53.16,1.029,6.6139
382,Starlink,STARLINK-11248 [DTC],327.52,53.15,1.3411,8.5219
383,Starlink,STARLINK-11271 [DTC],367.28,53.16,1.0324,6.631
384,Starlink,STARLINK-11239 [DTC],366.95,53.16,1.0347,6.6448
385,Starlink,STARLINK-11245 [DTC],366.04,53.16,1.0411,6.6831
386,Starlink,STARLINK-11244 [DTC],366.03,53.16,1.0411,6.6832
387,Starlink,STARLINK-11243 [DTC],365.99,53.16,1.0412,6.6835
388,Starlink,STARLINK-11238 [DTC],366.04,53.16,1.0411,6.683
389,Starlink,STARLINK-11240 [DTC],366.37,53.15,1.0394,6.6745
390,Starlink,STARLINK-11251 [DTC],366.88,53.15,1.0348,6.6454
391,Starlink,STARLINK-11204 [DTC],367.49,53.16,1.0294,6.6111
392,Starlink,STARLINK-11246 [DTC],367.89,53.16,1.0284,6.6081
393,Starlink,STARLINK-11207 [DTC],367.96,53.16,1.0282,6.6076
394,Starlink,STARLINK-11237 [DTC],367.54,53.16,1.0293,6.6107
395,Starlink,STARLINK-11253 [DTC],366.42,53.16,1.0393,6.6741
396,Starlink,STARLINK-11241 [DTC],366.12,53.16,1.0409,6.6824
397,Starlink,STARLINK-11289 [DTC],366.92,53.16,1.0338,6.6381
398,Starlink,STARLINK-11282 [DTC],367.92,53.16,1.0283,6.6079
399,Starlink,STARLINK-11283 [DTC],366.03,53.16,1.0409,6.6816
400,Starlink,STARLINK-11267 [DTC],366.02,53.16,1.0409,6.6816
401,Starlink,STARLINK-11269 [DTC],365.94,53.16,1.0411,6.6822
402,Starlink,STARLINK-11281 [DTC],366.12,53.16,1.0407,6.6809
403,Starlink,STARLINK-11260 [DTC],366.25,53.15,1.0358,6.6456
404,Starlink,STARLINK-11287 [DTC],366.38,53.15,1.0392,6.6732
405,Starlink,STARLINK-11270 [DTC],366.65,53.15,1.0376,6.6639
406,Starlink,STARLINK-11290 [DTC],367.5,53.16,1.0294,6.6111
407,Starlink,STARLINK-11274 [DTC],367.91,53.16,1.0283,6.6079
408,Starlink,STARLINK-11288 [DTC],367.59,53.16,1.0292,6.6104
409,Starlink,STARLINK-11286 [DTC],366.25,53.16,1.0402,6.6787
410,Starlink,STARLINK-11252 [DTC],365.99,53.16,1.0408,6.6807
411,Starlink,STARLINK-11230 [DTC],366.0,53.16,1.0408,6.6807
412,Starlink,STARLINK-11294 [DTC],366.06,53.16,1.0407,6.6802
413,Starlink,STARLINK-11268 [DTC],366.21,53.16,1.0403,6.679
414,Starlink,STARLINK-11156 [DTC],366.67,53.15,1.0377,6.6648
415,Starlink,STARLINK-11231 [DTC],367.16,53.16,1.0314,6.6227
416,Starlink,STARLINK-11299 [DTC],367.79,53.16,1.0285,6.6074
417,Starlink,STARLINK-11154 [DTC],367.97,53.16,1.028,6.6061
418,Starlink,STARLINK-11297 [DTC],367.74,53.16,1.0286,6.6078
419,Starlink,STARLINK-11233 [DTC],367.25,53.16,1.0312,6.622
420,Starlink,STARLINK-11236 [DTC],366.67,53.15,1.0365,6.6559
421,Starlink,STARLINK-11209 [DTC],367.9,53.16,1.0283,6.607
422,Starlink,STARLINK-11257 [DTC],367.37,53.16,1.0308,6.6204
423,Starlink,STARLINK-11309 [DTC],366.81,53.15,1.0352,6.647
424,Starlink,STARLINK-11292 [DTC],366.33,53.15,1.0397,6.6759
425,Starlink,STARLINK-11302 [DTC],365.98,53.16,1.0415,6.6855
426,Starlink,STARLINK-11277 [DTC],365.97,53.16,1.0415,6.6855
427,Starlink,STARLINK-11279 [DTC],365.93,53.16,1.0416,6.6859
428,Starlink,STARLINK-11091 [DTC],365.98,53.16,1.0415,6.6855
429,Starlink,STARLINK-11291 [DTC],366.07,53.16,1.0412,6.6848
430,Starlink,STARLINK-11304 [DTC],366.43,53.15,1.0394,6.6752
431,Starlink,STARLINK-11307 [DTC],366.99,53.15,1.0334,6.6359
432,Starlink,STARLINK-11298 [DTC],367.63,53.16,1.0289,6.609
433,Starlink,STARLINK-11310 [DTC],367.97,53.16,1.0281,6.6064
434,Starlink,STARLINK-11300 [DTC],367.87,53.16,1.027,6.5976
435,Starlink,STARLINK-11276 [DTC],367.43,53.16,1.0282,6.601
436,Starlink,STARLINK-11280 [DTC],366.29,53.16,1.0385,6.6662
437,Starlink,STARLINK-11308 [DTC],366.82,53.16,1.0338,6.637
438,Starlink,STARLINK-11305 [DTC],366.11,53.16,1.0393,6.6705
439,Starlink,STARLINK-11317 [DTC],366.03,53.16,1.0395,6.6711
440,Starlink,STARLINK-11293 [DTC],365.99,53.16,1.0396,6.6715
441,Starlink,STARLINK-11319 [DTC],366.1,53.16,1.0388,6.6667
442,Starlink,STARLINK-11318 [DTC],366.48,53.15,1.0361,6.6503
443,Starlink,STARLINK-11311 [DTC],367.02,53.16,1.0319,6.6247
444,Starlink,STARLINK-11306 [DTC],367.63,53.16,1.0277,6.5995
445,Starlink,STARLINK-11313 [DTC],367.98,53.16,1.0268,6.5967
446,Starlink,STARLINK-11354 [DTC],367.8,53.16,1.0273,6.599
447,Starlink,STARLINK-11323 [DTC],366.72,53.15,1.0356,6.6495
448,Starlink,STARLINK-11338 [DTC],367.38,53.16,1.0284,6.6023
449,Starlink,STARLINK-11362 [DTC],366.06,53.16,1.0397,6.6732
450,Starlink,STARLINK-11295 [DTC],366.21,53.15,1.0392,6.6707
451,Starlink,STARLINK-11331 [DTC],366.0,53.16,1.0399,6.674
452,Starlink,STARLINK-11325 [DTC],365.97,53.16,1.04,6.6742
453,Starlink,STARLINK-11332 [DTC],366.0,53.16,1.0399,6.674
454,Starlink,STARLINK-11350 [DTC],366.16,53.16,1.0395,6.6728
455,Starlink,STARLINK-11357 [DTC],366.43,53.15,1.0365,6.6526
456,Starlink,STARLINK-11322 [DTC],367.03,53.16,1.0321,6.6261
457,Starlink,STARLINK-11364 [DTC],367.62,53.16,1.0278,6.6004
458,Starlink,STARLINK-11349 [DTC],367.98,53.16,1.0269,6.5977
459,Starlink,STARLINK-11356 [DTC],365.99,53.16,1.0399,6.6737
460,Starlink,STARLINK-11376 [DTC],366.05,53.16,1.0398,6.6733
461,Starlink,STARLINK-11372 [DTC],366.0,53.16,1.0399,6.6737
462,Starlink,STARLINK-11375 [DTC],366.15,53.16,1.0395,6.6725
463,Starlink,STARLINK-11285 [DTC],366.51,53.15,1.0362,6.6513
464,Starlink,STARLINK-11275 [DTC],367.02,53.16,1.0319,6.6249
465,Starlink,STARLINK-11342 [DTC],367.61,53.16,1.0278,6.6002
466,Starlink,STARLINK-11374 [DTC],367.96,53.16,1.0269,6.5976
467,Starlink,STARLINK-11373 [DTC],367.87,53.16,1.0271,6.5982
468,Starlink,STARLINK-11368 [DTC],367.39,53.16,1.0286,6.6037
469,Starlink,STARLINK-11370 [DTC],366.79,53.16,1.0341,6.6385
470,Starlink,STARLINK-11361 [DTC],365.05,53.15,1.0434,6.6897
471,Starlink,STARLINK-11360 [DTC],366.05,53.16,1.0398,6.6733
472,Starlink,STARLINK-11335 [DTC],366.13,53.16,1.0393,6.6709
473,Starlink,STARLINK-11344 [DTC],365.98,53.16,1.0397,6.672
474,Starlink,STARLINK-11312 [DTC],366.0,53.16,1.0396,6.6718
475,Starlink,STARLINK-11340 [DTC],365.97,53.16,1.0397,6.6721
476,Starlink,STARLINK-11339 [DTC],366.28,53.16,1.0386,6.6672
477,Starlink,STARLINK-11315 [DTC],366.09,53.16,1.0392,6.6699
478,Starlink,STARLINK-11366 [DTC],366.73,53.15,1.0349,6.644
479,Starlink,STARLINK-11348 [DTC],367.32,53.16,1.0286,6.6029
480,Starlink,STARLINK-11327 [DTC],367.81,53.16,1.0273,6.5991
481,Starlink,STARLINK-11341 [DTC],367.97,53.16,1.0269,6.5979
482,Starlink,STARLINK-11346 [DTC],367.68,53.16,1.0277,6.6001
483,Starlink,STARLINK-11336 [DTC],300.8,53.16,1.5484,9.7913
484,Starlink,STARLINK-11296 [DTC],366.52,53.15,1.0368,6.6564
485,Starlink,STARLINK-11402 [DTC],366.0,53.16,1.039,6.6669
486,Starlink,STARLINK-11316 [DTC],366.14,53.16,1.0383,6.663
487,Starlink,STARLINK-11401 [DTC],364.26,53.16,1.0457,6.6979
488,Starlink,STARLINK-11321 [DTC],366.03,53.16,1.0389,6.6666
489,Starlink,STARLINK-11314 [DTC],366.14,53.16,1.0384,6.6641
490,Starlink,STARLINK-11324 [DTC],366.47,53.15,1.0367,6.6551
491,Starlink,STARLINK-11328 [DTC],367.04,53.16,1.0315,6.622
492,Starlink,STARLINK-11329 [DTC],367.64,53.16,1.0273,6.5968
493,Starlink,STARLINK-11398 [DTC],367.95,53.16,1.0265,6.5945
494,Starlink,STARLINK-11383 [DTC],367.43,53.16,1.0279,6.5985
495,Starlink,STARLINK-11359 [DTC],367.88,53.16,1.0267,6.595
496,Starlink,STARLINK-11301 [DTC],366.8,53.16,1.0335,6.6343
497,Starlink,STARLINK-11351 [DTC],366.35,53.16,1.0369,6.6552
498,Starlink,STARLINK-11407 [DTC],365.83,53.16,1.0416,6.685
499,Starlink,STARLINK-11337 [DTC],365.7,53.16,1.042,6.686
500,Starlink,STARLINK-11353 [DTC],365.8,53.15,1.0417,6.6853
501,Starlink,STARLINK-11320 [DTC],366.37,53.15,1.0366,6.6529
502,Starlink,STARLINK-11425 [DTC],366.77,53.16,1.0344,6.6404
503,Starlink,STARLINK-11422 [DTC],366.06,53.16,1.0394,6.6706
504,Starlink,STARLINK-11421 [DTC],367.84,53.16,1.0284,6.6077
505,Starlink,STARLINK-11410 [DTC],367.85,53.16,1.0284,6.6076
506,Starlink,STARLINK-11390 [DTC],367.25,53.16,1.0299,6.6122
507,Starlink,STARLINK-11414 [DTC],365.66,53.16,1.042,6.686
508,Starlink,STARLINK-11424 [DTC],365.7,53.16,1.0419,6.6857
509,Starlink,STARLINK-11423 [DTC],366.66,53.15,1.0346,6.6408
510,Starlink,STARLINK-11395 [DTC],366.29,53.15,1.0377,6.6607
511,Starlink,STARLINK-11433 [DTC],366.65,53.15,1.0352,6.6454
512,Starlink,STARLINK-11262 [DTC],365.81,53.16,1.0408,6.6783
513,Starlink,STARLINK-11326 [DTC],367.33,53.16,1.0289,6.6053
514,Starlink,STARLINK-11330 [DTC],365.83,53.16,1.0405,6.676
515,Starlink,STARLINK-11363 [DTC],367.92,53.16,1.0274,6.6008
516,Starlink,STARLINK-11377 [DTC],367.14,53.16,1.0308,6.6173
517,Starlink,STARLINK-11385 [DTC],366.13,53.15,1.0397,6.6738
518,Starlink,STARLINK-11396 [DTC],366.07,53.15,1.0401,6.6757
519,Starlink,STARLINK-11393 [DTC],365.8,53.16,1.0407,6.6778
520,Starlink,STARLINK-11343 [DTC],366.76,53.15,1.0336,6.6346
521,Starlink,STARLINK-11411 [DTC],367.94,53.16,1.0274,6.6007
522,Starlink,STARLINK-11404 [DTC],365.88,53.16,1.0403,6.6758
523,Starlink,STARLINK-11378 [DTC],365.71,53.16,1.0413,6.6811
524,Starlink,STARLINK-11465 [DTC],367.57,53.16,1.0288,6.6072
525,Starlink,STARLINK-11426 [DTC],367.19,53.16,1.0297,6.6101
526,Starlink,STARLINK-11454 [DTC],365.97,53.16,1.0406,6.6791
527,Starlink,STARLINK-11473 [DTC],365.75,53.16,1.0412,6.6809
528,Starlink,STARLINK-11429 [DTC],366.04,53.15,1.04,6.6752
529,Starlink,STARLINK-11470 [DTC],366.52,53.15,1.0367,6.6554
530,Starlink,STARLINK-11427 [DTC],365.92,53.16,1.0408,6.6796
531,Starlink,STARLINK-11456 [DTC],367.83,53.16,1.0281,6.6052
532,Starlink,STARLINK-11474 [DTC],366.46,53.15,1.0371,6.6574
533,Starlink,STARLINK-11463 [DTC],366.98,53.16,1.0328,6.6313
534,Starlink,STARLINK-11472 [DTC],366.17,53.15,1.0397,6.6742
535,Starlink,STARLINK-11467 [DTC],367.59,53.16,1.0287,6.607
536,Starlink,STARLINK-11460 [DTC],366.06,53.16,1.04,6.675
537,Starlink,STARLINK-11384 [DTC],362.94,42.99,1.0635,6.8178
538,Starlink,STARLINK-11379 [DTC],362.26,42.99,1.0686,6.8492
539,Starlink,STARLINK-11387 [DTC],361.93,43.0,1.0707,6.8614
540,Starlink,STARLINK-11389 [DTC],361.75,43.0,1.0712,6.8628
541,Starlink,STARLINK-11388 [DTC],361.73,43.0,1.0712,6.8629
542,Starlink,STARLINK-11345 [DTC],361.88,43.0,1.0708,6.8617
543,Starlink,STARLINK-11381 [DTC],362.02,42.99,1.0705,6.8607
544,Starlink,STARLINK-11369 [DTC],362.42,42.99,1.0673,6.841
545,Starlink,STARLINK-11303 [DTC],363.37,43.0,1.0592,6.7905
546,Starlink,STARLINK-11367 [DTC],363.88,43.0,1.0579,6.7866
547,Starlink,STARLINK-11386 [DTC],363.79,43.0,1.0582,6.7872
548,Starlink,STARLINK-11380 [DTC],362.8,43.0,1.0641,6.8207
549,Starlink,STARLINK-11394 [DTC],365.88,53.16,1.0367,6.648
550,Starlink,STARLINK-11490 [DTC],365.99,53.16,1.0364,6.6472
551,Starlink,STARLINK-11466 [DTC],366.32,53.16,1.0347,6.6375
552,Starlink,STARLINK-11468 [DTC],367.0,53.15,1.0289,6.6012
553,Starlink,STARLINK-11488 [DTC],366.1,53.16,1.0361,6.6458
554,Starlink,STARLINK-11483 [DTC],367.91,53.16,1.0237,6.5727
555,Starlink,STARLINK-11492 [DTC],366.45,53.15,1.0337,6.6317
556,Starlink,STARLINK-11471 [DTC],367.4,53.16,1.025,6.5767
557,Starlink,STARLINK-11475 [DTC],366.66,53.15,1.0322,6.623
558,Starlink,STARLINK-11469 [DTC],366.06,53.16,1.0363,6.6467
559,Starlink,STARLINK-11476 [DTC],367.88,53.16,1.0238,6.5731
560,Starlink,STARLINK-11485 [DTC],366.27,53.15,1.0353,6.6415
561,Starlink,STARLINK-11481 [DTC],367.57,53.16,1.0246,6.5755
562,Starlink,STARLINK-11496 [DTC],363.39,43.0,1.0583,6.7836
563,Starlink,STARLINK-11501 [DTC],361.68,43.0,1.0719,6.8674
564,Starlink,STARLINK-11491 [DTC],362.26,42.99,1.0681,6.845
565,Starlink,STARLINK-11479 [DTC],361.56,43.01,1.0722,6.8683
566,Starlink,STARLINK-11489 [DTC],363.67,43.0,1.0563,6.7714
567,Starlink,STARLINK-11494 [DTC],362.68,42.99,1.0644,6.8218
568,Starlink,STARLINK-11333 [DTC],363.95,43.0,1.0556,6.7695
569,Starlink,STARLINK-11504 [DTC],362.0,42.99,1.0699,6.8563
570,Starlink,STARLINK-11495 [DTC],362.85,43.0,1.061,6.7981
571,Starlink,STARLINK-11498 [DTC],361.15,43.0,1.0733,6.8716
572,Starlink,STARLINK-11484 [DTC],361.54,43.0,1.0723,6.8686
573,Starlink,STARLINK-11487 [DTC],364.1,43.0,1.0552,6.7684
574,Starlink,STARLINK-11499 [DTC],362.92,42.99,1.0608,6.7975
575,Starlink,STARLINK-11444 [DTC],363.5,43.01,1.0589,6.7895
576,Starlink,STARLINK-11493 [DTC],363.09,43.0,1.0606,6.7978
577,Starlink,STARLINK-11453 [DTC],361.41,43.0,1.0737,6.8784
578,Starlink,STARLINK-11462 [DTC],360.9,43.0,1.075,6.8823
579,Starlink,STARLINK-11441 [DTC],361.68,43.0,1.0719,6.8677
580,Starlink,STARLINK-11445 [DTC],361.98,43.01,1.0688,6.8474
581,Starlink,STARLINK-11355 [DTC],361.5,43.0,1.0724,6.869
582,Starlink,STARLINK-11446 [DTC],362.99,43.0,1.0613,6.8018
583,Starlink,STARLINK-11428 [DTC],363.03,43.0,1.0601,6.7931
584,Starlink,STARLINK-11447 [DTC],362.46,42.99,1.0646,6.8211
585,Starlink,STARLINK-11439 [DTC],361.15,43.0,1.0744,6.8804
586,Starlink,STARLINK-11434 [DTC],363.14,43.0,1.0598,6.7922
587,Starlink,STARLINK-11461 [DTC],362.34,42.99,1.0663,6.8326
588,Starlink,STARLINK-11518 [DTC],363.86,43.0,1.0579,6.7861
589,Starlink,STARLINK-11455 [DTC],363.35,43.0,1.0592,6.7901
590,Starlink,STARLINK-11459 [DTC],329.74,42.99,1.3435,8.5658
591,Starlink,STARLINK-11178 [DTC],362.33,43.0,1.0669,6.8372
592,Starlink,STARLINK-11506 [DTC],362.85,42.99,1.0624,6.8088
593,Starlink,STARLINK-11486 [DTC],363.41,43.0,1.0588,6.7881
594,Starlink,STARLINK-11511 [DTC],361.46,43.0,1.0721,6.8668
595,Starlink,STARLINK-11505 [DTC],361.81,43.0,1.0705,6.8583
596,Starlink,STARLINK-11497 [DTC],361.84,42.99,1.0704,6.8581
597,Starlink,STARLINK-11477 [DTC],361.14,43.0,1.0741,6.878
598,Starlink,STARLINK-11500 [DTC],361.59,42.99,1.0711,6.86
599,Starlink,STARLINK-11464 [DTC],361.87,42.99,1.0696,6.8519
600,Starlink,STARLINK-11502 [DTC],360.75,43.01,1.0751,6.8809
601,Starlink,STARLINK-11452 [DTC],362.88,42.99,1.0621,6.8064
602,Starlink,STARLINK-11443 [DTC],361.25,42.99,1.0745,6.8822
603,Starlink,STARLINK-11440 [DTC],363.51,43.0,1.0576,6.7801
604,Starlink,STARLINK-11514 [DTC],362.51,42.99,1.0642,6.8182
605,Starlink,STARLINK-11508 [DTC],360.74,43.0,1.0758,6.8862
606,Starlink,STARLINK-11510 [DTC],363.11,43.0,1.0602,6.7953
607,Starlink,STARLINK-11512 [DTC],361.16,43.0,1.0747,6.8829
608,Starlink,STARLINK-11450 [DTC],363.46,43.0,1.0578,6.7804
609,Starlink,STARLINK-11507 [DTC],364.04,43.01,1.0563,6.776
610,Starlink,STARLINK-11482 [DTC],361.51,43.0,1.0738,6.8802
611,Starlink,STARLINK-11528 [DTC],362.38,42.99,1.0645,6.8191
612,Starlink,STARLINK-11516 [DTC],362.32,42.99,1.0661,6.8305
613,Starlink,STARLINK-11527 [DTC],361.75,43.0,1.0702,6.8556
614,Starlink,STARLINK-11538 [DTC],363.76,43.0,1.056,6.7705
615,Starlink,STARLINK-11534 [DTC],362.81,43.0,1.0626,6.81
616,Starlink,STARLINK-11515 [DTC],363.03,42.99,1.0586,6.7819
617,Starlink,STARLINK-11478 [DTC],361.9,43.01,1.0695,6.8517
618,Starlink,STARLINK-11358 [DTC],361.5,43.0,1.0729,6.8729
619,Starlink,STARLINK-11517 [DTC],361.12,43.0,1.0738,6.8757
620,Starlink,STARLINK-11519 [DTC],363.82,43.0,1.0556,6.7684
621,Starlink,STARLINK-11451 [DTC],362.26,42.99,1.0672,6.8386
622,Starlink,STARLINK-11530 [DTC],363.74,43.0,1.0558,6.769
623,Starlink,STARLINK-11536 [DTC],362.08,42.99,1.0691,6.8504
624,Starlink,STARLINK-11540 [DTC],360.96,43.0,1.0743,6.8771
625,Starlink,STARLINK-11523 [DTC],361.87,42.99,1.0696,6.8519
626,Starlink,STARLINK-11525 [DTC],363.83,43.01,1.0556,6.7682
627,Starlink,STARLINK-11547 [DTC],361.91,43.01,1.0687,6.8457
628,Starlink,STARLINK-11185 [DTC],364.01,43.01,1.0568,6.7794
629,Starlink,STARLINK-11513 [DTC],362.09,43.0,1.0683,6.8444
630,Starlink,STARLINK-11397 [DTC],361.92,42.99,1.0687,6.8456
631,Starlink,STARLINK-11420 [DTC],361.17,43.0,1.072,6.8624
632,Starlink,STARLINK-11415 [DTC],361.91,42.99,1.0687,6.8458
633,Starlink,STARLINK-11413 [DTC],362.16,43.0,1.0681,6.8438
634,Starlink,STARLINK-11416 [DTC],363.29,43.0,1.0586,6.7849
635,Starlink,STARLINK-11535 [DTC],363.03,43.0,1.0611,6.8006
636,Starlink,STARLINK-11521 [DTC],363.38,43.0,1.0584,6.7842
637,Starlink,STARLINK-11258 [DTC],362.94,43.0,1.0613,6.8013
638,Starlink,STARLINK-11529 [DTC],362.3,42.99,1.0677,6.8428
639,Starlink,STARLINK-11548 [DTC],361.92,42.99,1.0701,6.8567
640,Starlink,STARLINK-11480 [DTC],360.68,43.0,1.0763,6.8897
641,Starlink,STARLINK-11559 [DTC],363.18,43.0,1.0603,6.7967
642,Starlink,STARLINK-11549 [DTC],363.42,43.0,1.0583,6.7838
643,Starlink,STARLINK-11554 [DTC],363.89,43.01,1.0571,6.7802
644,Starlink,STARLINK-11520 [DTC],361.67,43.0,1.0708,6.8587
645,Starlink,STARLINK-11546 [DTC],362.5,42.99,1.0636,6.8134
646,Starlink,STARLINK-11533 [DTC],361.97,42.99,1.07,6.8563
647,Starlink,STARLINK-11557 [DTC],360.28,43.01,1.0774,6.8927
648,Starlink,STARLINK-11556 [DTC],361.75,43.0,1.0706,6.858
649,Starlink,STARLINK-11524 [DTC],363.41,43.01,1.0583,6.7837
650,Starlink,STARLINK-11551 [DTC],361.66,43.0,1.0708,6.8586
651,Starlink,STARLINK-11531 [DTC],362.74,42.99,1.0614,6.8
652,Starlink,STARLINK-11371 [DTC],361.5,43.0,1.0703,6.853
653,Starlink,STARLINK-11352 [DTC],362.02,43.0,1.0666,6.8313
654,Starlink,STARLINK-11382 [DTC],362.76,43.0,1.0594,6.7849
655,Starlink,STARLINK-11432 [DTC],361.81,42.99,1.0683,6.8415
656,Starlink,STARLINK-11419 [DTC],363.49,43.0,1.0576,6.7793
657,Starlink,STARLINK-11437 [DTC],362.57,42.99,1.0631,6.8107
658,Starlink,STARLINK-11442 [DTC],360.98,43.0,1.0722,6.8613
659,Starlink,STARLINK-11365 [DTC],361.49,42.99,1.0698,6.8495
660,Starlink,STARLINK-11436 [DTC],363.4,43.0,1.0578,6.7799
661,Starlink,STARLINK-11438 [DTC],361.79,42.99,1.0672,6.833
662,Starlink,STARLINK-11391 [DTC],362.43,43.0,1.0635,6.8119
663,Starlink,STARLINK-11431 [DTC],361.19,43.01,1.071,6.8553
664,Starlink,STARLINK-11435 [DTC],361.33,43.0,1.0707,6.8542
665,Starlink,STARLINK-11552 [DTC],361.85,43.0,1.0665,6.8282
666,Starlink,STARLINK-11561 [DTC],362.68,43.0,1.0615,6.8
667,Starlink,STARLINK-11567 [DTC],363.41,43.0,1.0561,6.7669
668,Starlink,STARLINK-11569 [DTC],361.98,43.0,1.0662,6.8273
669,Starlink,STARLINK-11537 [DTC],361.87,43.01,1.0664,6.8279
670,Starlink,STARLINK-11565 [DTC],363.76,43.01,1.0541,6.7559
671,Starlink,STARLINK-11564 [DTC],362.19,42.99,1.0652,6.8227
672,Starlink,STARLINK-11566 [DTC],362.68,42.99,1.0615,6.8
673,Starlink,STARLINK-11555 [DTC],362.71,42.99,1.0601,6.7898
674,Starlink,STARLINK-11430 [DTC],363.57,43.01,1.0545,6.757
675,Starlink,STARLINK-11560 [DTC],361.81,43.01,1.0666,6.8286
676,Starlink,STARLINK-11562 [DTC],362.16,42.99,1.0654,6.8232
677,Starlink,STARLINK-11457 [DTC],363.5,43.0,1.0548,6.7579
678,Starlink,STARLINK-11543 [DTC],363.15,43.0,1.0571,6.7719
679,Starlink,STARLINK-11458 [DTC],361.98,43.0,1.0664,6.8289
680,Starlink,STARLINK-11417 [DTC],363.65,43.0,1.0546,6.7583
681,Starlink,STARLINK-11544 [DTC],362.43,42.99,1.0638,6.8146
682,Starlink,STARLINK-11582 [DTC],361.81,43.01,1.0668,6.8302
683,Starlink,STARLINK-11571 [DTC],363.88,43.0,1.054,6.7564
684,Starlink,STARLINK-11539 [DTC],361.59,43.0,1.0674,6.8318
685,Starlink,STARLINK-11542 [DTC],363.32,42.99,1.0554,6.7607
686,Starlink,STARLINK-11573 [DTC],362.1,43.0,1.0653,6.8219
687,Starlink,STARLINK-11572 [DTC],360.95,42.99,1.0702,6.8458
688,Starlink,STARLINK-11583 [DTC],362.34,42.99,1.0632,6.8088
689,Starlink,STARLINK-11570 [DTC],362.77,42.99,1.0621,6.8055
690,Starlink,STARLINK-11576 [DTC],362.05,43.0,1.0654,6.8222
691,Starlink,STARLINK-11448 [DTC],363.4,43.0,1.0573,6.7765
692,Starlink,STARLINK-11553 [DTC],362.14,42.99,1.0664,6.8313
693,Starlink,STARLINK-11526 [DTC],362.52,42.99,1.0609,6.7936
694,Starlink,STARLINK-11405 [DTC],361.64,43.0,1.0692,6.8463
695,Starlink,STARLINK-11586 [DTC],361.56,43.0,1.0694,6.8469
696,Starlink,STARLINK-11574 [DTC],361.41,43.01,1.0698,6.848
697,Starlink,STARLINK-11580 [DTC],363.36,43.0,1.0574,6.7768
698,Starlink,STARLINK-11449 [DTC],362.22,42.99,1.0646,6.818
699,Starlink,STARLINK-11577 [DTC],361.18,43.0,1.0708,6.8534
700,Starlink,STARLINK-11578 [DTC],361.52,43.0,1.0695,6.8472
701,Starlink,STARLINK-11541 [DTC],362.1,43.0,1.065,6.8195
702,Starlink,STARLINK-11545 [DTC],363.18,42.99,1.0579,6.7782
703,Starlink,STARLINK-11400 [DTC],361.52,43.0,1.0695,6.8472
704,Starlink,STARLINK-11550 [DTC],361.84,43.0,1.0662,6.8258
705,Starlink,STARLINK-11563 [DTC],361.82,43.0,1.0662,6.8259
706,Starlink,STARLINK-11347 [DTC],362.5,43.01,1.0616,6.7985
707,Starlink,STARLINK-11558 [DTC],363.22,43.0,1.0569,6.7715
708,Starlink,STARLINK-11392 [DTC],362.79,42.99,1.0602,6.7909
709,Starlink,STARLINK-11406 [DTC],361.89,43.0,1.0661,6.8254
710,Starlink,STARLINK-11418 [DTC],363.44,43.0,1.0555,6.7632
711,Starlink,STARLINK-11509 [DTC],363.54,43.0,1.0553,6.7624
712,Starlink,STARLINK-11403 [DTC],362.24,42.99,1.064,6.814
713,Starlink,STARLINK-11409 [DTC],362.99,42.99,1.0574,6.7724
714,Starlink,STARLINK-11412 [DTC],361.95,43.0,1.0658,6.8243
715,Starlink,STARLINK-11399 [DTC],362.18,42.99,1.0649,6.8197
716,Starlink,STARLINK-11408 [DTC],362.62,43.0,1.0607,6.7928
717,Starlink,STARLINK-11629 [DTC],363.5,43.0,1.0555,6.7634
718,Starlink,STARLINK-11624 [DTC],361.59,43.0,1.0694,6.8475
719,Starlink,STARLINK-11584 [DTC],361.57,43.01,1.0695,6.8477
720,Starlink,STARLINK-11627 [DTC],363.91,43.0,1.0544,6.7602
721,Starlink,STARLINK-11632 [DTC],360.9,42.99,1.0726,6.8638
722,Starlink,STARLINK-11625 [DTC],361.34,43.0,1.0701,6.8495
723,Starlink,STARLINK-11601 [DTC],362.61,43.0,1.0594,6.7829
724,Starlink,STARLINK-11630 [DTC],360.89,43.01,1.0726,6.8639
725,Starlink,STARLINK-11590 [DTC],361.42,43.0,1.0698,6.8488
726,Starlink,STARLINK-11598 [DTC],361.38,42.99,1.0699,6.8491
727,Starlink,STARLINK-11600 [DTC],363.19,43.01,1.0562,6.7657
728,Starlink,STARLINK-11597 [DTC],362.81,42.99,1.0589,6.7813
729,Starlink,STARLINK-11591 [DTC],362.32,42.99,1.0623,6.802
730,Starlink,STARLINK-11609 [DTC],361.65,43.0,1.0678,6.8357
731,Starlink,STARLINK-11604 [DTC],363.56,43.0,1.0547,6.7584
732,Starlink,STARLINK-11605 [DTC],361.77,42.99,1.0675,6.8347
733,Starlink,STARLINK-11610 [DTC],362.24,42.99,1.0652,6.823
734,Starlink,STARLINK-11613 [DTC],363.22,43.0,1.0556,6.7609
735,Starlink,STARLINK-11616 [DTC],363.4,43.0,1.056,6.7664
736,Starlink,STARLINK-11611 [DTC],361.72,43.0,1.0676,6.835
737,Starlink,STARLINK-11628 [DTC],361.94,43.0,1.0665,6.8294
738,Starlink,STARLINK-11607 [DTC],362.7,42.99,1.0602,6.7903
739,Starlink,STARLINK-11522 [DTC],362.15,42.99,1.0655,6.824
740,Starlink,STARLINK-11503 [DTC],363.21,43.01,1.0565,6.7676
741,Starlink,STARLINK-11579 [DTC],363.5,43.0,1.0548,6.7585
742,Starlink,STARLINK-11581 [DTC],361.96,43.0,1.0664,6.829
743,Starlink,STARLINK-11602 [DTC],364.07,43.0,1.0521,6.7441
744,Starlink,STARLINK-11617 [DTC],363.09,43.0,1.0557,6.7602
745,Starlink,STARLINK-11618 [DTC],361.5,43.0,1.0681,6.8363
746,Starlink,STARLINK-11646 [DTC],362.98,43.0,1.0574,6.7722
747,Starlink,STARLINK-11622 [DTC],363.67,43.01,1.0531,6.7472
748,Starlink,STARLINK-11642 [DTC],361.72,43.0,1.0675,6.8346
749,Starlink,STARLINK-11639 [DTC],361.71,43.01,1.0676,6.8347
750,Starlink,STARLINK-11637 [DTC],363.59,43.01,1.0533,6.7478
751,Starlink,STARLINK-11647 [DTC],360.27,43.0,1.0729,6.8584
752,Starlink,STARLINK-11643 [DTC],361.87,43.0,1.0672,6.8334
753,Starlink,STARLINK-11635 [DTC],361.58,42.99,1.0679,6.8356
754,Starlink,STARLINK-11636 [DTC],362.28,42.99,1.0637,6.8119
755,Starlink,STARLINK-11631 [DTC],363.05,43.0,1.0558,6.7606
756,Starlink,STARLINK-11654 [DTC],362.29,42.99,1.0627,6.8048
757,Starlink,STARLINK-11659 [DTC],361.98,43.0,1.0661,6.8268
758,Starlink,STARLINK-11653 [DTC],363.74,43.0,1.0551,6.7632
759,Starlink,STARLINK-11641 [DTC],361.52,43.0,1.0681,6.8365
760,Starlink,STARLINK-11638 [DTC],361.77,43.0,1.0674,6.8346
761,Starlink,STARLINK-11614 [DTC],363.84,43.0,1.0548,6.7625
762,Starlink,STARLINK-11620 [DTC],362.58,42.99,1.0609,6.7941
763,Starlink,STARLINK-11619 [DTC],362.68,42.99,1.0606,6.7933
764,Starlink,STARLINK-11621 [DTC],361.76,42.99,1.0675,6.8347
765,Starlink,STARLINK-11615 [DTC],362.52,43.0,1.061,6.7944
766,Starlink,STARLINK-11608 [DTC],361.78,43.0,1.0674,6.8344
767,Starlink,STARLINK-11623 [DTC],363.05,43.0,1.0582,6.7788
768,Starlink,STARLINK-11612 [DTC],281.7,43.01,1.6631,10.4439
769,Starlink,STARLINK-11568 [DTC],361.14,43.0,1.0703,6.8493
770,Starlink,STARLINK-11575 [DTC],362.8,43.01,1.0599,6.7889
771,Starlink,STARLINK-11585 [DTC],362.61,42.99,1.0604,6.7903
772,Starlink,STARLINK-11587 [DTC],361.71,43.0,1.0678,6.8368
773,Starlink,STARLINK-11589 [DTC],361.47,43.0,1.0691,6.8439
774,Starlink,STARLINK-11650 [DTC],362.66,43.0,1.0602,6.79
775,Starlink,STARLINK-11648 [DTC],362.94,43.0,1.059,6.7836
776,Starlink,STARLINK-11640 [DTC],363.14,43.0,1.0585,6.7821
777,Starlink,STARLINK-11652 [DTC],363.75,43.0,1.0557,6.7683
778,Starlink,STARLINK-11645 [DTC],362.16,42.99,1.0635,6.8087
779,Starlink,STARLINK-11633 [DTC],361.8,43.01,1.0679,6.8387
780,Starlink,STARLINK-11593 [DTC],361.51,43.0,1.0694,6.8465
781,Starlink,STARLINK-11588 [DTC],362.61,43.0,1.0604,6.7904
782,Starlink,STARLINK-11669 [DTC],362.41,43.0,1.0631,6.8087
783,Starlink,STARLINK-11665 [DTC],362.67,42.99,1.0599,6.7872
784,Starlink,STARLINK-11667 [DTC],363.12,43.0,1.0572,6.772
785,Starlink,STARLINK-11695 [DTC],361.23,43.0,1.07,6.8475
786,Starlink,STARLINK-11685 [DTC],361.72,43.01,1.0687,6.8437
787,Starlink,STARLINK-11697 [DTC],361.58,43.0,1.0691,6.8448
788,Starlink,STARLINK-11680 [DTC],364.03,43.0,1.0535,6.7542
789,Starlink,STARLINK-11687 [DTC],362.9,43.0,1.0593,6.7855
790,Starlink,STARLINK-11626 [DTC],361.96,42.99,1.0661,6.8262
791,Starlink,STARLINK-11668 [DTC],362.92,42.99,1.0592,6.7853
792,Starlink,STARLINK-11657 [DTC],363.88,43.0,1.0539,6.7554
793,Starlink,STARLINK-11606 [DTC],361.42,43.0,1.0695,6.8461
794,Starlink,STARLINK-11592 [DTC],361.88,42.99,1.0676,6.8367
795,Starlink,STARLINK-11651 [DTC],362.39,43.0,1.0638,6.8139
796,Starlink,STARLINK-11672 [DTC],363.58,43.01,1.0549,6.7599
797,Starlink,STARLINK-11664 [DTC],363.74,43.01,1.0545,6.7588
798,Starlink,STARLINK-11666 [DTC],363.76,43.01,1.0545,6.7587
799,Starlink,STARLINK-11663 [DTC],363.09,43.0,1.0561,6.7638
800,Starlink,STARLINK-11595 [DTC],362.39,43.0,1.0638,6.8139
801,Starlink,STARLINK-11599 [DTC],361.88,42.99,1.0667,6.83
802,Starlink,STARLINK-11603 [DTC],361.7,43.0,1.0682,6.8393
803,Starlink,STARLINK-11644 [DTC],360.06,43.01,1.0743,6.8667
804,Starlink,STARLINK-11634 [DTC],361.58,43.0,1.0685,6.8404
805,Starlink,STARLINK-11656 [DTC],361.41,43.0,1.0689,6.8417
806,Starlink,STARLINK-11655 [DTC],361.86,42.99,1.0678,6.8381
807,Starlink,STARLINK-11661 [DTC],362.41,43.0,1.0638,6.8139
808,Starlink,STARLINK-11677 [DTC],361.79,43.01,1.0672,6.8332
809,Starlink,STARLINK-11702 [DTC],362.37,43.0,1.0617,6.7981
810,Starlink,STARLINK-11706 [DTC],362.93,43.0,1.0591,6.7843
811,Starlink,STARLINK-11662 [DTC],362.27,42.99,1.0645,6.818
812,Starlink,STARLINK-11681 [DTC],361.48,43.0,1.0684,6.8386
813,Starlink,STARLINK-11688 [DTC],362.91,43.0,1.0591,6.7838
814,Starlink,STARLINK-11676 [DTC],361.89,43.0,1.0654,6.8201
815,Starlink,STARLINK-11705 [DTC],361.64,43.0,1.0676,6.8342
816,Starlink,STARLINK-11703 [DTC],363.72,43.01,1.0541,6.7558
817,Starlink,STARLINK-11701 [DTC],362.21,42.99,1.0632,6.8076
818,Starlink,STARLINK-11660 [DTC],363.47,43.0,1.0548,6.7579
819,Starlink,STARLINK-11699 [DTC],361.67,43.0,1.0675,6.8341
820,Starlink,STARLINK-11693 [DTC],363.66,43.01,1.0543,6.7562
821,Starlink,STARLINK-11741 [DTC],361.4,43.01,1.0683,6.8364
822,Starlink,STARLINK-11709 [DTC],363.17,43.0,1.0548,6.7542
823,Starlink,STARLINK-11737 [DTC],363.62,43.0,1.0536,6.7507
824,Starlink,STARLINK-11726 [DTC],362.07,42.99,1.0651,6.8201
825,Starlink,STARLINK-11700 [DTC],362.24,43.0,1.0646,6.818
826,Starlink,STARLINK-11649 [DTC],361.43,43.0,1.0682,6.8362
827,Starlink,STARLINK-11713 [DTC],363.72,43.0,1.0534,6.75
828,Starlink,STARLINK-11719 [DTC],362.04,43.0,1.0651,6.8196
829,Starlink,STARLINK-11733 [DTC],363.07,42.99,1.055,6.7551
830,Starlink,STARLINK-11729 [DTC],362.12,43.0,1.0649,6.8191
831,Starlink,STARLINK-11730 [DTC],361.87,42.99,1.0655,6.821
832,Starlink,STARLINK-11723 [DTC],363.88,43.01,1.053,6.7489
833,Starlink,STARLINK-11715 [DTC],362.02,43.0,1.0653,6.8207
834,Starlink,STARLINK-11727 [DTC],363.12,43.0,1.0583,6.7806
835,Starlink,STARLINK-11724 [DTC],361.84,43.0,1.0667,6.8295
836,Starlink,STARLINK-11725 [DTC],362.98,43.0,1.0603,6.7941
837,Starlink,STARLINK-11717 [DTC],363.79,43.01,1.0552,6.7643
838,Starlink,STARLINK-11721 [DTC],360.9,43.0,1.0715,6.8555
839,Starlink,STARLINK-11722 [DTC],362.22,42.99,1.0651,6.8215
840,Starlink,STARLINK-11679 [DTC],361.82,43.01,1.0668,6.8298
841,Starlink,STARLINK-11735 [DTC],362.47,42.99,1.0628,6.8074
842,Starlink,STARLINK-11720 [DTC],361.97,43.0,1.0664,6.8287
843,Starlink,STARLINK-11718 [DTC],362.51,43.0,1.0615,6.7979
844,Starlink,STARLINK-11716 [DTC],363.85,43.0,1.055,6.7641
845,Starlink,STARLINK-11714 [DTC],362.11,43.0,1.066,6.8277
846,Starlink,STARLINK-11712 [DTC],361.09,42.99,1.0711,6.8542
847,Starlink,STARLINK-11686 [DTC],360.78,43.0,1.0743,6.8755
848,Starlink,STARLINK-11682 [DTC],362.79,42.99,1.0601,6.7906
849,Starlink,STARLINK-11675 [DTC],361.2,42.99,1.0719,6.8622
850,Starlink,STARLINK-11691 [DTC],362.52,43.0,1.0608,6.7926
851,Starlink,STARLINK-11670 [DTC],360.99,43.0,1.0725,6.8639
852,Starlink,STARLINK-11708 [DTC],361.49,43.0,1.0695,6.8467
853,Starlink,STARLINK-11683 [DTC],362.73,43.0,1.0603,6.791
854,Starlink,STARLINK-11684 [DTC],361.74,43.0,1.068,6.8382
855,Starlink,STARLINK-11689 [DTC],361.7,42.99,1.0681,6.8385
856,Starlink,STARLINK-11690 [DTC],362.02,43.0,1.0662,6.8278
857,Starlink,STARLINK-11694 [DTC],360.24,42.99,1.0757,6.8795
858,Starlink,STARLINK-11710 [DTC],361.49,43.0,1.0694,6.8466
859,Starlink,STARLINK-11704 [DTC],363.34,43.0,1.0587,6.7863
860,Starlink,STARLINK-11736 [DTC],362.11,43.0,1.0648,6.8181
861,Starlink,STARLINK-11673 [DTC],362.2,42.99,1.0645,6.8175
862,Starlink,STARLINK-11671 [DTC],363.35,43.0,1.0549,6.7572
863,Starlink,STARLINK-11594 [DTC],362.17,43.0,1.0646,6.8177
864,Starlink,STARLINK-11596 [DTC],360.44,43.01,1.072,6.8538
865,Starlink,STARLINK-11747 [DTC],361.46,43.0,1.0676,6.8319
866,Starlink,STARLINK-11728 [DTC],363.07,43.0,1.0577,6.7757
867,Starlink,STARLINK-11696 [DTC],363.65,43.01,1.0541,6.755
868,Starlink,STARLINK-11698 [DTC],363.7,43.0,1.054,6.7546
869,Starlink,STARLINK-11678 [DTC],361.91,43.0,1.0664,6.8284
870,Starlink,STARLINK-11674 [DTC],363.63,43.01,1.0542,6.755
871,Starlink,STARLINK-11707 [DTC],362.57,43.0,1.0618,6.8008
872,Starlink,STARLINK-11734 [DTC],362.74,42.99,1.0601,6.7896
873,Starlink,STARLINK-11732 [DTC],361.58,43.01,1.0687,6.8419
874,Starlink,STARLINK-11731 [DTC],362.34,42.99,1.0652,6.824
875,Starlink,STARLINK-11746 [DTC],361.99,42.99,1.0669,6.8327
876,Starlink,STARLINK-11748 [DTC],363.84,43.0,1.0533,6.7507
877,Starlink,STARLINK-11739 [DTC],363.8,43.0,1.0534,6.751
878,Starlink,STARLINK-11738 [DTC],363.58,43.01,1.054,6.7527
879,Starlink,STARLINK-11745 [DTC],361.37,43.0,1.0692,6.8436
880,Starlink,STARLINK-11742 [DTC],361.92,42.99,1.0671,6.8333
881,Starlink,STARLINK-11711 [DTC],362.93,42.99,1.0578,6.7748
882,Starlink,STARLINK-11743 [DTC],363.36,43.0,1.0554,6.7612
883,Starlink,STARLINK-11744 [DTC],362.13,43.0,1.0657,6.8256
884,Starlink,STARLINK-11692 [DTC],361.69,43.0,1.0684,6.8411
885,Starlink,STARLINK-11740 [DTC],363.25,43.0,1.0557,6.7625
886,Starlink,STARLINK-34756,578.91,97.61,1.0524,5.7943
887,Starlink,STARLINK-34578,569.87,97.6,1.0237,5.5765
888,Starlink,STARLINK-34683,578.72,97.61,1.0525,5.7951
889,Starlink,STARLINK-34570,574.8,97.6,1.0352,5.6642
890,Starlink,STARLINK-34651,571.43,97.6,1.03,5.6245
891,Starlink,STARLINK-34684,578.2,97.61,1.053,5.7996
892,Starlink,STARLINK-34705,565.47,97.6,1.0008,5.4017
893,Starlink,STARLINK-34730,565.03,97.61,1.0003,5.3981
894,Starlink,STARLINK-34755,570.44,97.6,1.0058,5.4399
895,Starlink,STARLINK-34753,568.38,97.61,1.0081,5.4569
896,Starlink,STARLINK-34689,565.43,97.61,1.0009,5.4025
897,Starlink,STARLINK-34744,565.18,97.61,1.0012,5.4044
898,Starlink,STARLINK-34761,565.53,97.61,1.0008,5.4017
899,Starlink,STARLINK-34965,565.26,97.6,1.0009,5.4028
900,Starlink,STARLINK-34866,565.79,97.61,1.0004,5.3988
901,Starlink,STARLINK-34917,565.47,97.61,1.0008,5.4014
902,Starlink,STARLINK-35051,565.4,97.61,1.001,5.403
903,Starlink,STARLINK-35066,564.75,97.6,1.0008,5.4021
904,Starlink,STARLINK-34703,565.07,97.6,1.0005,5.3995
905,Starlink,STARLINK-34786,565.42,97.61,1.001,5.4029
906,Starlink,STARLINK-34909,565.06,97.61,1.0006,5.4003
907,Starlink,STARLINK-34848,565.48,97.61,1.001,5.4029
908,Starlink,STARLINK-35043,571.5,97.6,1.03,5.6247
909,Starlink,STARLINK-34988,578.57,97.6,1.0525,5.7955
910,Starlink,STARLINK-35059,572.98,97.6,1.0283,5.6116
911,Starlink,STARLINK-35383,564.9,97.61,1.0002,5.3973
912,Starlink,STARLINK-35390,566.59,97.61,1.0012,5.4046
913,Starlink,STARLINK-35849,352.5,53.16,1.1394,7.2752
914,Starlink,STARLINK-35848,352.52,53.16,1.1391,7.2729
915,Starlink,STARLINK-35829,352.37,53.16,1.1397,7.2762
916,Starlink,STARLINK-35828,352.55,53.16,1.139,7.2727
917,Starlink,STARLINK-35850,352.63,53.16,1.1385,7.2699
918,Starlink,STARLINK-35869,353.64,53.16,1.1307,7.2222
919,Starlink,STARLINK-35895,352.49,53.15,1.1394,7.2752
920,Starlink,STARLINK-35861,352.76,53.15,1.137,7.26
921,Starlink,STARLINK-35851,352.81,53.15,1.1369,7.2595
922,Starlink,STARLINK-35817,352.93,53.15,1.1361,7.2551
923,Starlink,STARLINK-35807,352.95,53.15,1.1357,7.252
924,Starlink,STARLINK-35805,353.12,53.15,1.1345,7.2448
925,Starlink,STARLINK-35823,353.25,53.15,1.1338,7.241
926,Starlink,STARLINK-35813,353.08,53.15,1.1349,7.2478
927,Starlink,STARLINK-35822,353.31,53.15,1.1333,7.2378
928,Starlink,STARLINK-35806,353.22,53.15,1.1338,7.2412
929,Starlink,STARLINK-35797,353.52,53.15,1.1314,7.2262
930,Starlink,STARLINK-35827,353.5,53.15,1.1314,7.2263
931,Starlink,STARLINK-35845,353.43,53.15,1.1319,7.2292
932,Starlink,STARLINK-35846,353.52,53.15,1.1314,7.2262
933,Starlink,STARLINK-34861,353.68,53.15,1.1306,7.2219
934,Starlink,STARLINK-35795,353.61,53.15,1.1308,7.2224
935,Starlink,STARLINK-35824,353.88,53.15,1.1285,7.2084
936,Starlink,STARLINK-35804,353.91,53.15,1.1284,7.2081
937,Starlink,STARLINK-35821,353.91,53.15,1.1285,7.2082
938,Starlink,STARLINK-35809,354.08,53.15,1.1271,7.1998
939,Starlink,STARLINK-35831,354.22,53.15,1.1267,7.1987
940,Starlink,STARLINK-35826,354.22,53.15,1.1267,7.1987
941,Starlink,STARLINK-35643,345.05,43.0,1.194,7.6045
942,Starlink,STARLINK-35466,345.84,43.0,1.192,7.5985
943,Starlink,STARLINK-35684,345.61,43.0,1.1926,7.6003
944,Starlink,STARLINK-35449,346.04,43.0,1.1897,7.5836
945,Starlink,STARLINK-35424,346.47,43.0,1.1874,7.5708
946,Starlink,STARLINK-35132,346.73,43.0,1.1853,7.5577
947,Starlink,STARLINK-35499,346.8,43.0,1.1851,7.5572
948,Starlink,STARLINK-35463,347.57,43.0,1.1816,7.5391
949,Starlink,STARLINK-35435,347.23,43.0,1.1824,7.5417
950,Starlink,STARLINK-35448,351.79,43.0,1.1455,7.3135
951,Starlink,STARLINK-35388,352.24,43.0,1.1419,7.2913
952,Starlink,STARLINK-35682,351.44,43.0,1.1469,7.3197
953,Starlink,STARLINK-35331,352.37,43.0,1.141,7.2858
954,Starlink,STARLINK-35451,352.45,43.0,1.1408,7.2851
955,Starlink,STARLINK-35655,352.65,43.0,1.1399,7.2805
956,Starlink,STARLINK-35569,352.37,43.0,1.141,7.2858
957,Starlink,STARLINK-35567,352.26,43.0,1.1419,7.2912
958,Starlink,STARLINK-35568,352.42,43.0,1.1408,7.2854
959,Starlink,STARLINK-35620,352.21,43.0,1.1423,7.2936
960,Starlink,STARLINK-35538,352.09,43.0,1.143,7.298
961,Starlink,STARLINK-35372,352.22,43.0,1.1422,7.2935
962,Starlink,STARLINK-35354,352.11,43.0,1.1427,7.2957
963,Starlink,STARLINK-35283,351.96,43.0,1.1441,7.305
964,Starlink,STARLINK-35581,351.97,43.0,1.1441,7.3049
965,Starlink,STARLINK-35670,351.8,43.0,1.1455,7.3135
966,Starlink,STARLINK-35698,351.95,43.0,1.1441,7.305
967,Starlink,STARLINK-35648,351.87,43.0,1.1447,7.308
968,Starlink,STARLINK-35654,351.72,43.0,1.1457,7.314
969,Starlink,STARLINK-35371,351.76,43.0,1.1456,7.3137
970,Starlink,STARLINK-34774,332.3,43.0,1.2955,8.2304
971,Starlink,STARLINK-34844,332.42,43.0,1.2952,8.2295
972,Starlink,STARLINK-34733,332.63,43.0,1.2941,8.2235
973,Starlink,STARLINK-35515,332.63,43.0,1.2941,8.2234
974,Starlink,STARLINK-35696,332.73,43.0,1.2934,8.2188
975,Starlink,STARLINK-35693,332.86,43.0,1.2923,8.2126
976,Starlink,STARLINK-35663,332.92,43.0,1.2918,8.2094
977,Starlink,STARLINK-35673,333.0,43.0,1.2916,8.2088
978,Starlink,STARLINK-35597,333.07,43.0,1.2911,8.2054
979,Starlink,STARLINK-35689,332.91,43.0,1.2919,8.2095
980,Starlink,STARLINK-35832,333.22,43.0,1.2893,8.1937
981,Starlink,STARLINK-35909,333.36,43.0,1.2885,8.1893
982,Starlink,STARLINK-35899,333.35,43.0,1.2885,8.1893
983,Starlink,STARLINK-35907,333.5,43.0,1.2876,8.1839
984,Starlink,STARLINK-35816,333.53,43.0,1.2872,8.181
985,Starlink,STARLINK-35894,333.44,43.0,1.288,8.1861
986,Starlink,STARLINK-35897,333.57,43.0,1.2871,8.1806
987,Starlink,STARLINK-35922,333.77,43.0,1.2853,8.1696
988,Starlink,STARLINK-35917,334.02,43.0,1.2834,8.1582
989,Starlink,STARLINK-35916,347.67,43.0,1.2059,7.7257
990,Starlink,STARLINK-34766,333.72,43.0,1.2858,8.1724
991,Starlink,STARLINK-34765,333.69,43.0,1.2858,8.1727
992,Starlink,STARLINK-34767,333.91,43.0,1.2844,8.164
993,Starlink,STARLINK-35608,333.84,43.0,1.2849,8.167
994,Starlink,STARLINK-35598,334.34,43.0,1.2814,8.1465
995,Starlink,STARLINK-35600,333.92,43.0,1.2844,8.164
996,Starlink,STARLINK-35444,334.19,43.0,1.2825,8.1534
997,Starlink,STARLINK-35366,334.63,43.0,1.2807,8.1443
998,Starlink,STARLINK-35692,334.08,43.0,1.2833,8.1576
999,Starlink,STARLINK-35924,326.37,43.0,1.3447,8.5361
1000,Starlink,STARLINK-35937,326.17,43.0,1.3452,8.5376
1001,Starlink,STARLINK-35962,325.96,43.0,1.3457,8.5392
1002,Starlink,STARLINK-35931,325.86,43.0,1.3468,8.5466
1003,Starlink,STARLINK-35952,325.7,43.0,1.348,8.5537
1004,Starlink,STARLINK-35915,325.55,43.0,1.349,8.5596
1005,Starlink,STARLINK-35946,325.44,43.0,1.35,8.566
1006,Starlink,STARLINK-35969,325.36,43.0,1.3502,8.5666
1007,Starlink,STARLINK-35687,325.16,43.0,1.3521,8.5788
1008,Starlink,STARLINK-35975,325.02,43.0,1.3532,8.5852
1009,Starlink,STARLINK-35932,324.88,43.0,1.3543,8.5922
1010,Starlink,STARLINK-35935,324.76,43.0,1.3553,8.5981
1011,Starlink,STARLINK-35928,324.63,43.0,1.3563,8.6044
1012,Starlink,STARLINK-35933,324.54,43.0,1.3572,8.6104
1013,Starlink,STARLINK-35961,324.36,43.0,1.3583,8.6169
1014,Starlink,STARLINK-35960,324.22,43.0,1.3594,8.6229
1015,Starlink,STARLINK-35914,324.12,43.0,1.3603,8.6288
1016,Starlink,STARLINK-35707,324.0,43.0,1.3612,8.6345
1017,Starlink,STARLINK-35976,323.89,43.0,1.3621,8.6403
1018,Starlink,STARLINK-35514,323.77,43.0,1.3631,8.6464
1019,Starlink,STARLINK-35640,323.6,43.0,1.3648,8.6569
1020,Starlink,STARLINK-35582,323.47,43.0,1.3651,8.6578
1021,Starlink,STARLINK-35577,323.4,43.0,1.3659,8.6632
1022,Starlink,STARLINK-35697,323.34,43.0,1.3661,8.6637
1023,Starlink,STARLINK-35818,323.17,43.0,1.3677,8.6741
1024,Starlink,STARLINK-35796,323.06,43.0,1.3686,8.6795
1025,Starlink,STARLINK-35833,322.88,43.0,1.3697,8.6862
1026,Starlink,STARLINK-35315,322.82,43.0,1.3698,8.6866
1027,Starlink,STARLINK-35728,322.68,43.0,1.3702,8.6876
1028,Starlink,STARLINK-35699,314.62,42.99,1.4356,9.0925
1029,Starlink,STARLINK-35695,314.42,43.0,1.4361,9.094
1030,Starlink,STARLINK-35419,314.28,43.0,1.4365,9.0951
1031,Starlink,STARLINK-35411,314.33,43.0,1.4363,9.0948
1032,Starlink,STARLINK-35305,313.71,43.0,1.4419,9.13
1033,Starlink,STARLINK-35579,313.93,43.0,1.4392,9.1116
1034,Starlink,STARLINK-35437,313.59,43.0,1.4422,9.1309
1035,Starlink,STARLINK-35358,313.33,43.0,1.4439,9.1407
1036,Starlink,STARLINK-35893,313.18,43.0,1.4453,9.1495
1037,Starlink,STARLINK-35871,312.97,43.0,1.4469,9.1597
1038,Starlink,STARLINK-35825,312.76,43.0,1.4485,9.1691
1039,Starlink,STARLINK-35803,312.53,43.0,1.4502,9.1797
1040,Starlink,STARLINK-35835,312.34,43.0,1.4518,9.1896
1041,Starlink,STARLINK-35834,312.07,43.01,1.4536,9.2003
1042,Starlink,STARLINK-35836,311.9,43.01,1.4552,9.2099
1043,Starlink,STARLINK-35870,311.68,43.01,1.4568,9.2202
1044,Starlink,STARLINK-35650,311.48,43.01,1.4584,9.2301
1045,Starlink,STARLINK-35812,311.26,43.01,1.4601,9.2405
1046,Starlink,STARLINK-35810,311.02,43.01,1.462,9.2516
1047,Starlink,STARLINK-35814,310.81,43.01,1.4638,9.2627
1048,Starlink,STARLINK-35815,310.53,43.01,1.4657,9.2743
1049,Starlink,STARLINK-35743,310.3,43.01,1.4675,9.2855
1050,Starlink,STARLINK-35868,310.08,43.01,1.4693,9.2968
1051,Starlink,STARLINK-35872,309.83,43.01,1.4713,9.3085
1052,Starlink,STARLINK-35744,309.61,43.01,1.4731,9.3197
1053,Starlink,STARLINK-35746,309.3,43.01,1.4751,9.3317
1054,Starlink,STARLINK-35941,309.11,43.01,1.4769,9.3433
1055,Starlink,STARLINK-35939,308.88,43.01,1.4775,9.3451
1056,Starlink,STARLINK-35963,308.56,43.01,1.4783,9.3475
1057,Oneweb,ONEWEB-0050,608.55,88.92,1.8972,34.0848
1058,Oneweb,ONEWEB-0618,540.51,86.91,1.6542,29.5262
